model,Pi_B,seed_index,seed,K,R,Phi
M3_ODC,0.1,0,1010000,0.5144937415729436,1.0111266151688312,0.003460546875
M3_ODC,0.1,1,1010001,0.45124273080679356,1.0195251725721801,0.003985937499999999
M3_ODC,0.1,2,1010002,0.43493061845061953,1.0055373531033598,0.004098046875
M3_ODC,0.1,3,1010003,0.4489140726288302,1.0186103524900971,0.002741796875
M3_ODC,0.1,4,1010004,0.47410669604410316,1.0186840184958674,0.004904687499999999
M3_ODC,0.1,5,1010005,0.4613990727930988,1.0201615014171095,0.0038671875
M3_ODC,0.1,6,1010006,0.44858484234875107,1.0119167378956302,0.0030511718749999996
M3_ODC,0.1,7,1010007,0.43606050084371184,1.0163991662256353,0.003019921875
M3_ODC,0.1,8,1010008,0.42999502238310494,1.0090522393982988,0.0029574218750000004
M3_ODC,0.1,9,1010009,0.5168283134685923,1.0214995825854372,0.004426171875
M3_ODC,0.1,10,1010010,0.43209870792172045,1.0131854223911008,0.00509375
M3_ODC,0.1,11,1010011,0.4336098207967579,1.0117601252280053,0.0033343749999999992
M3_ODC,0.1,12,1010012,0.4323282494112812,1.0208982444668793,0.003834374999999999
M3_ODC,0.1,13,1010013,0.46356970642409945,1.00637227126074,0.005473046875
M3_ODC,0.1,14,1010014,0.38944845683904106,1.0162908928180947,0.0035542968750000006
M3_ODC,0.1,15,1010015,0.44588584951413457,1.0131891946609861,0.0031324218750000002
M3_ODC,0.1,16,1010016,0.39576486333249783,1.0149929696985591,0.0030328125
M3_ODC,0.1,17,1010017,0.49910157385213005,1.014784683760961,0.004038671875000001
M3_ODC,0.1,18,1010018,0.4177940007639027,1.013981689887829,0.003019921875
M3_ODC,0.1,19,1010019,0.4379895903787953,1.017146707630932,0.0031136718749999997
M3_ODC,0.2,0,1020000,0.49305104962669616,1.0609843010619902,0.0058734375
M3_ODC,0.2,1,1020001,0.4750684078813484,1.0724088768515487,0.004435937499999999
M3_ODC,0.2,2,1020002,0.44339985349255817,1.0656079674272545,0.003615625
M3_ODC,0.2,3,1020003,0.46198738318993754,1.06561239330047,0.0035667968749999992
M3_ODC,0.2,4,1020004,0.43883868715276625,1.0709816183296519,0.004023046875
M3_ODC,0.2,5,1020005,0.44082118879745813,1.075369921031053,0.004632421875
M3_ODC,0.2,6,1020006,0.42167695879082423,1.0671869640496459,0.0047953125
M3_ODC,0.2,7,1020007,0.4168536047969751,1.0648804519757136,0.0046421875
M3_ODC,0.2,8,1020008,0.4383026906447656,1.0753265680093032,0.00519375
M3_ODC,0.2,9,1020009,0.43533164024672566,1.0727108212840961,0.0034574218749999996
M3_ODC,0.2,10,1020010,0.5285956586574296,1.0644777129601581,0.0040824218750000005
M3_ODC,0.2,11,1020011,0.4668674070283493,1.0620787285724684,0.0060218749999999995
M3_ODC,0.2,12,1020012,0.46629825329789654,1.066994539036973,0.0037671875
M3_ODC,0.2,13,1020013,0.42220131183501264,1.063818726603467,0.005157812500000001
M3_ODC,0.2,14,1020014,0.41690802850500996,1.0603011958486397,0.003504296875
M3_ODC,0.2,15,1020015,0.4340872488655222,1.0725192591465562,0.004407812499999999
M3_ODC,0.2,16,1020016,0.4338868187771133,1.0628706110602342,0.004348046874999999
M3_ODC,0.2,17,1020017,0.48958896488104664,1.0744352776006463,0.00615
M3_ODC,0.2,18,1020018,0.42549919703091393,1.0580813612436006,0.006285546875000001
M3_ODC,0.2,19,1020019,0.410770043530342,1.0623744010535499,0.004101171874999999
M3_ODC,0.30000000000000004,0,1030000,0.44338132336576064,1.1093158071381957,0.0036109375000000004
M3_ODC,0.30000000000000004,1,1030001,0.4878491677428195,1.1163780801304877,0.004116796875
M3_ODC,0.30000000000000004,2,1030002,0.4247025156303227,1.117578094843935,0.0040765625
M3_ODC,0.30000000000000004,3,1030003,0.4858907478486304,1.120963588151333,0.0053578125
M3_ODC,0.30000000000000004,4,1030004,0.49677204510041073,1.1147553321319734,0.004926171875
M3_ODC,0.30000000000000004,5,1030005,0.4787523275033737,1.1219635994541,0.005366796875
M3_ODC,0.30000000000000004,6,1030006,0.42406015682232995,1.1218324630821663,0.0044546875
M3_ODC,0.30000000000000004,7,1030007,0.4532176991056331,1.1267232070921411,0.005579687499999999
M3_ODC,0.30000000000000004,8,1030008,0.46263663242470426,1.1209531686805654,0.005066796875
M3_ODC,0.30000000000000004,9,1030009,0.4481240490829753,1.1232802409288214,0.005082421875
M3_ODC,0.30000000000000004,10,1030010,0.4240087524544456,1.116648893836176,0.003785546875000001
M3_ODC,0.30000000000000004,11,1030011,0.4437229799088114,1.1124836092113397,0.0036386718750000004
M3_ODC,0.30000000000000004,12,1030012,0.4940253749254405,1.1161390839879928,0.005103125000000002
M3_ODC,0.30000000000000004,13,1030013,0.44036124346824357,1.1085936767314204,0.0044199218750000015
M3_ODC,0.30000000000000004,14,1030014,0.4623179321545612,1.1269035845681297,0.004898046874999999
M3_ODC,0.30000000000000004,15,1030015,0.46748594847712877,1.1369568154929337,0.0039234375
M3_ODC,0.30000000000000004,16,1030016,0.4729230925541793,1.1264742418579503,0.004801171875
M3_ODC,0.30000000000000004,17,1030017,0.44311151970180074,1.111233229745973,0.004841796875
M3_ODC,0.30000000000000004,18,1030018,0.46140027218990676,1.1188558655658516,0.0043375
M3_ODC,0.30000000000000004,19,1030019,0.4597113299075046,1.1171717708216733,0.0061859375
M3_ODC,0.4,0,1040000,0.46507748399787596,1.178439580154621,0.008144921874999999
M3_ODC,0.4,1,1040001,0.45086387425522406,1.1852192134023374,0.005863671874999999
M3_ODC,0.4,2,1040002,0.4477564763915428,1.1936871938393707,0.004176171875
M3_ODC,0.4,3,1040003,0.4181125979353092,1.1886583705099347,0.0040355468750000005
M3_ODC,0.4,4,1040004,0.43523130923180114,1.1832732859265858,0.006973046875
M3_ODC,0.4,5,1040005,0.456378068295894,1.187188342576695,0.004234374999999999
M3_ODC,0.4,6,1040006,0.5048367093686904,1.18543907140983,0.004694921874999999
M3_ODC,0.4,7,1040007,0.45397352956920045,1.1691593330935361,0.004275
M3_ODC,0.4,8,1040008,0.43753293041590613,1.1849014822174504,0.006509375
M3_ODC,0.4,9,1040009,0.49274382738739275,1.2047413733822248,0.004519921875
M3_ODC,0.4,10,1040010,0.4324644310344802,1.1819267957919861,0.0073140624999999985
M3_ODC,0.4,11,1040011,0.4333350113522567,1.1938568495519981,0.006040625
M3_ODC,0.4,12,1040012,0.4149924171939997,1.1908597410554556,0.004109374999999999
M3_ODC,0.4,13,1040013,0.4115727798895429,1.180857437415711,0.0048375
M3_ODC,0.4,14,1040014,0.4277568974424159,1.1961441332267522,0.005115625
M3_ODC,0.4,15,1040015,0.4497423453102454,1.198509170047893,0.0047203125000000005
M3_ODC,0.4,16,1040016,0.5243821190082667,1.18955328830943,0.005193749999999999
M3_ODC,0.4,17,1040017,0.4510720188752484,1.1679154367694795,0.0055796875000000004
M3_ODC,0.4,18,1040018,0.41311048636767794,1.1741515120857842,0.004798437500000001
M3_ODC,0.4,19,1040019,0.5089002496360912,1.1784041102034752,0.0058453125
M3_ODC,0.5,0,1050000,0.41875499679691486,1.2562691433560769,0.0055093749999999995
M3_ODC,0.5,1,1050001,0.46003625727613756,1.2674641925864765,0.0066500000000000005
M3_ODC,0.5,2,1050002,0.5021693209437372,1.2458198415200328,0.006466796875
M3_ODC,0.5,3,1050003,0.444848209466019,1.2510835644352458,0.006082421875
M3_ODC,0.5,4,1050004,0.44336387508790914,1.241388510924584,0.005163671874999999
M3_ODC,0.5,5,1050005,0.4564466635467365,1.3139662147298115,0.006134374999999999
M3_ODC,0.5,6,1050006,0.4264934568759622,1.2531761545358349,0.004943750000000001
M3_ODC,0.5,7,1050007,0.48504465845045397,1.2655164567776271,0.006431250000000001
M3_ODC,0.5,8,1050008,0.45218106427501714,1.2326217679677962,0.006694921875
M3_ODC,0.5,9,1050009,0.4650954068873261,1.2493369408254569,0.0052574218749999995
M3_ODC,0.5,10,1050010,0.4411888092338173,1.2499991707197247,0.006532812499999999
M3_ODC,0.5,11,1050011,0.4262577251754793,1.2559219818888698,0.005023437500000001
M3_ODC,0.5,12,1050012,0.4377703663534671,1.279884532980417,0.005335546875
M3_ODC,0.5,13,1050013,0.4677466043660687,1.2456952831233783,0.005504296875
M3_ODC,0.5,14,1050014,0.4250791580648159,1.2445690540297918,0.004976171874999999
M3_ODC,0.5,15,1050015,0.4670710635336253,1.2595715202980073,0.005585546875000001
M3_ODC,0.5,16,1050016,0.4923434442656578,1.2371460704828314,0.004601171875
M3_ODC,0.5,17,1050017,0.4617123011693084,1.256477728189446,0.004671875
M3_ODC,0.5,18,1050018,0.4740574033714937,1.233999581404125,0.005235937499999999
M3_ODC,0.5,19,1050019,0.40312599734531596,1.246214269089924,0.006398046875000002
M3_ODC,0.6000000000000001,0,1060000,0.5144614933801602,1.347719877186094,0.007241796875000002
M3_ODC,0.6000000000000001,1,1060001,0.4570101522360729,1.3422732235382548,0.005785546875
M3_ODC,0.6000000000000001,2,1060002,0.4585403380198594,1.3576084559923542,0.0052171875
M3_ODC,0.6000000000000001,3,1060003,0.460019840689507,1.3296713960954583,0.006160546875000001
M3_ODC,0.6000000000000001,4,1060004,0.4544329749961199,1.3357700617449721,0.005904296875000001
M3_ODC,0.6000000000000001,5,1060005,0.5132844376412213,1.2841175838862395,0.0048792968749999995
M3_ODC,0.6000000000000001,6,1060006,0.49532191904245687,1.282945908665872,0.0065640625000000005
M3_ODC,0.6000000000000001,7,1060007,0.4458689288372148,1.3927572575899378,0.006569921875
M3_ODC,0.6000000000000001,8,1060008,0.42969544735643533,1.3405970780096663,0.005363671875000001
M3_ODC,0.6000000000000001,9,1060009,0.47976576365668266,1.3431087610041532,0.0061792968749999995
M3_ODC,0.6000000000000001,10,1060010,0.47645723263068296,1.3402585187712441,0.005501562500000001
M3_ODC,0.6000000000000001,11,1060011,0.4750122067890219,1.3309143325256596,0.007053125000000002
M3_ODC,0.6000000000000001,12,1060012,0.40748410415460695,1.3360136760725088,0.0064312499999999995
M3_ODC,0.6000000000000001,13,1060013,0.468893086619833,1.3190266854010195,0.0068324218749999995
M3_ODC,0.6000000000000001,14,1060014,0.4652806496863665,1.3595672176192688,0.005444921875
M3_ODC,0.6000000000000001,15,1060015,0.5192404035894946,1.3200653721780642,0.0054203125000000015
M3_ODC,0.6000000000000001,16,1060016,0.45249865819084467,1.3735397894294266,0.0056734375000000005
M3_ODC,0.6000000000000001,17,1060017,0.44824570666782704,1.3154166658420439,0.005482812500000001
M3_ODC,0.6000000000000001,18,1060018,0.4872972050812502,1.3264580037531657,0.005039062500000001
M3_ODC,0.6000000000000001,19,1060019,0.5396018485201921,1.3534578269386115,0.005426171874999998
M3_ODC,0.7000000000000001,0,1070000,0.48215441477220533,1.4179014511858714,0.008992187500000002
M3_ODC,0.7000000000000001,1,1070001,0.514051850869032,1.473665810740157,0.008134375
M3_ODC,0.7000000000000001,2,1070002,0.43971937542461326,1.4228272692561417,0.006363671875
M3_ODC,0.7000000000000001,3,1070003,0.4725479015490085,1.4346103698943256,0.006623046874999999
M3_ODC,0.7000000000000001,4,1070004,0.45985336146164446,1.4703046079072641,0.006194921875
M3_ODC,0.7000000000000001,5,1070005,0.47889775765639825,1.4655028136227208,0.006857421875
M3_ODC,0.7000000000000001,6,1070006,0.46649122079090355,1.4326080625616577,0.006679296875
M3_ODC,0.7000000000000001,7,1070007,0.49944409478446833,1.4679018091782872,0.0061421875
M3_ODC,0.7000000000000001,8,1070008,0.5414836380339726,1.4106704451252956,0.007217187500000001
M3_ODC,0.7000000000000001,9,1070009,0.49136358464831686,1.4662363531386329,0.0064312499999999995
M3_ODC,0.7000000000000001,10,1070010,0.4614493580701174,1.3889272070958618,0.006138671875
M3_ODC,0.7000000000000001,11,1070011,0.5046629810416459,1.4323276400912763,0.006773046875000001
M3_ODC,0.7000000000000001,12,1070012,0.45776562295634904,1.4568673566938068,0.0065796875000000005
M3_ODC,0.7000000000000001,13,1070013,0.4647329654188366,1.4057866345948646,0.006939062499999998
M3_ODC,0.7000000000000001,14,1070014,0.44510850440333644,1.4319052366165859,0.0059417968750000005
M3_ODC,0.7000000000000001,15,1070015,0.471779128256839,1.5383669767140884,0.007451562500000002
M3_ODC,0.7000000000000001,16,1070016,0.45237003395355735,1.4482360592027117,0.006538671875000001
M3_ODC,0.7000000000000001,17,1070017,0.4957167490054757,1.4683133724929656,0.007976171874999998
M3_ODC,0.7000000000000001,18,1070018,0.47571029688821714,1.429929448078937,0.007794921874999999
M3_ODC,0.7000000000000001,19,1070019,0.4751199842907585,1.4766904969277301,0.005037499999999999
M3_ODC,0.8,0,1080000,0.44881343982329114,1.6353529513639318,0.006999999999999999
M3_ODC,0.8,1,1080001,0.4428141798885862,1.5866493075389687,0.0075171874999999996
M3_ODC,0.8,2,1080002,0.516217874754028,1.5237681492830348,0.007398046875000001
M3_ODC,0.8,3,1080003,0.4962490955116945,1.6388722689584785,0.006859374999999999
M3_ODC,0.8,4,1080004,0.46462847266601026,1.6179180326786233,0.007826562499999998
M3_ODC,0.8,5,1080005,0.46500651171738905,1.5833596420919525,0.0074078124999999995
M3_ODC,0.8,6,1080006,0.4523406782255101,1.5771629112340366,0.007294921875000001
M3_ODC,0.8,7,1080007,0.4674654567503189,1.5569482776144707,0.006366796875
M3_ODC,0.8,8,1080008,0.43522890338396525,1.6172437480530468,0.007164062500000001
M3_ODC,0.8,9,1080009,0.5178073860787232,1.5231744904762226,0.008644921875000001
M3_ODC,0.8,10,1080010,0.4295245127806765,1.6578516851510972,0.0070042968750000005
M3_ODC,0.8,11,1080011,0.47597679946288196,1.5631393489158818,0.005773046875000001
M3_ODC,0.8,12,1080012,0.46430434275231597,1.5437606914924418,0.007504296875000002
M3_ODC,0.8,13,1080013,0.4241136996291924,1.5791311798783183,0.0073296874999999985
M3_ODC,0.8,14,1080014,0.4921296933709994,1.5440109663996886,0.007404687499999998
M3_ODC,0.8,15,1080015,0.4669678451359637,1.5853640685274089,0.0058011718749999995
M3_ODC,0.8,16,1080016,0.4860325004116734,1.697766762907477,0.010460546874999999
M3_ODC,0.8,17,1080017,0.4510460346700142,1.6988892982908632,0.007859375
M3_ODC,0.8,18,1080018,0.4867160811018131,1.5286570952455114,0.0058765625
M3_ODC,0.8,19,1080019,0.48494940010425835,1.614092987309574,0.006801171875
M3_ODC,0.9,0,1090000,0.43638697613499805,1.7715751105391906,0.009509375000000002
M3_ODC,0.9,1,1090001,0.4886856609374294,1.7239399407897016,0.008460546874999999
M3_ODC,0.9,2,1090002,0.512459451488481,1.6962040365180129,0.0074042968750000025
M3_ODC,0.9,3,1090003,0.42477334921529225,1.730744625731942,0.007788671875000002
M3_ODC,0.9,4,1090004,0.4570896246790126,1.6679084313244938,0.006351171874999999
M3_ODC,0.9,5,1090005,0.5304416334547755,1.6123603651229599,0.008335937500000001
M3_ODC,0.9,6,1090006,0.4577687150857306,1.6979462211497354,0.009225
M3_ODC,0.9,7,1090007,0.42194981379129637,1.665191966996598,0.008582421875
M3_ODC,0.9,8,1090008,0.46514380785040765,1.6999080865610219,0.008032812499999998
M3_ODC,0.9,9,1090009,0.46029887480498977,1.6991799739923568,0.006582421874999999
M3_ODC,0.9,10,1090010,0.47794411978669316,1.6294589054136788,0.008896875000000002
M3_ODC,0.9,11,1090011,0.464710365310935,1.767044727673864,0.007263671875
M3_ODC,0.9,12,1090012,0.4715191038031701,1.775570211191558,0.008429296875000002
M3_ODC,0.9,13,1090013,0.47980674003774865,1.775974753163738,0.009773046875
M3_ODC,0.9,14,1090014,0.502125522463587,1.6562906750481294,0.008176171875
M3_ODC,0.9,15,1090015,0.47785350554351397,1.7980228077723164,0.007812499999999998
M3_ODC,0.9,16,1090016,0.44641750988812323,1.6818576963167016,0.006732421875000001
M3_ODC,0.9,17,1090017,0.4525378585322799,1.7445110347410628,0.008116796875
M3_ODC,0.9,18,1090018,0.44463014549587815,1.6996547717763812,0.008082421874999999
M3_ODC,0.9,19,1090019,0.4757743837269315,1.7121600193542075,0.006694921874999998
M2p_HMM,0.1,0,2010000,0.866325099665531,1.1547974627613276,0.0
M2p_HMM,0.1,1,2010001,0.880780912208422,1.1491316328295225,7.421875000000001e-06
M2p_HMM,0.1,2,2010002,0.8752070085367611,1.1581870774548184,1.40625e-05
M2p_HMM,0.1,3,2010003,0.8835780359613391,1.159630092493579,1.40625e-05
M2p_HMM,0.1,4,2010004,0.884505311327074,1.1597001658091535,0.0
M2p_HMM,0.1,5,2010005,0.8805430163288471,1.163609670415012,7.421875000000001e-06
M2p_HMM,0.1,6,2010006,0.8792658553379042,1.1638513737145402,1.40625e-05
M2p_HMM,0.1,7,2010007,0.8692758679256177,1.161344419750111,2.5e-05
M2p_HMM,0.1,8,2010008,0.8668224209325227,1.1688822187124852,7.4218750000000025e-06
M2p_HMM,0.1,9,2010009,0.8766217662231736,1.1611229825941494,1.4062500000000001e-05
M2p_HMM,0.1,10,2010010,0.8728584025036847,1.155295930652979,1.40625e-05
M2p_HMM,0.1,11,2010011,0.8727627792239636,1.1646862118100976,1.40625e-05
M2p_HMM,0.1,12,2010012,0.8629254855301092,1.1683612020332867,0.0
M2p_HMM,0.1,13,2010013,0.8815984399531579,1.1549271987337557,7.4218750000000025e-06
M2p_HMM,0.1,14,2010014,0.8710737776815873,1.1520316637014945,7.4218750000000025e-06
M2p_HMM,0.1,15,2010015,0.877700881723507,1.156208879949899,7.4218750000000025e-06
M2p_HMM,0.1,16,2010016,0.870226642983619,1.1727353680634622,0.0
M2p_HMM,0.1,17,2010017,0.8688608465826709,1.1717219680524327,7.4218750000000025e-06
M2p_HMM,0.1,18,2010018,0.8810073747709326,1.168116932288887,4.0625000000000005e-05
M2p_HMM,0.1,19,2010019,0.8696712080995583,1.1521692004510689,7.4218750000000025e-06
M2p_HMM,0.2,0,2020000,0.8784456604922569,1.2698840349499767,7.4218750000000025e-06
M2p_HMM,0.2,1,2020001,0.8566365119979511,1.2555280575164822,4.0625000000000005e-05
M2p_HMM,0.2,2,2020002,0.8823088223747289,1.2643601268307398,2.929687500000001e-05
M2p_HMM,0.2,3,2020003,0.8704751487555408,1.25141508288506,2.5e-05
M2p_HMM,0.2,4,2020004,0.8665429687192918,1.2601012099811004,1.9921875e-05
M2p_HMM,0.2,5,2020005,0.8765343548389789,1.2605341126912566,1.9921875000000005e-05
M2p_HMM,0.2,6,2020006,0.882498182178814,1.2586665454504267,2.5e-05
M2p_HMM,0.2,7,2020007,0.8777369933734003,1.2575941130896637,1.9921875000000005e-05
M2p_HMM,0.2,8,2020008,0.8828994214319447,1.2456813403844276,7.4218750000000025e-06
M2p_HMM,0.2,9,2020009,0.8803251664527025,1.2611484864047973,4.0625e-05
M2p_HMM,0.2,10,2020010,0.8672221916506649,1.2635021612235835,2.5e-05
M2p_HMM,0.2,11,2020011,0.8844821119773166,1.2760414901246135,0.0
M2p_HMM,0.2,12,2020012,0.8866705942925807,1.2646150996449474,1.9921875000000005e-05
M2p_HMM,0.2,13,2020013,0.8846107009810179,1.243771182845855,3.2812500000000005e-05
M2p_HMM,0.2,14,2020014,0.8752075062095155,1.2541373666699267,2.5e-05
M2p_HMM,0.2,15,2020015,0.8815846008476358,1.2562028103242988,4.062499999999999e-05
M2p_HMM,0.2,16,2020016,0.8789551153482955,1.2756874700088185,7.4218750000000025e-06
M2p_HMM,0.2,17,2020017,0.8622230191997584,1.2561887884451435,1.9921875000000005e-05
M2p_HMM,0.2,18,2020018,0.87240645517742,1.2621048557645456,1.40625e-05
M2p_HMM,0.2,19,2020019,0.8741362469566694,1.255238139977497,2.929687500000001e-05
M2p_HMM,0.30000000000000004,0,2030000,0.8722570839807917,1.374798715189791,2.5e-05
M2p_HMM,0.30000000000000004,1,2030001,0.8797570508261395,1.364978604742275,7.4218750000000025e-06
M2p_HMM,0.30000000000000004,2,2030002,0.8737926309066169,1.3468547584114465,2.5000000000000005e-05
M2p_HMM,0.30000000000000004,3,2030003,0.8787697400416812,1.3550790840390092,3.554687500000001e-05
M2p_HMM,0.30000000000000004,4,2030004,0.8740150985537128,1.3641189886648861,6.992187500000001e-05
M2p_HMM,0.30000000000000004,5,2030005,0.8714201564137793,1.3510817199562728,7.96875e-05
M2p_HMM,0.30000000000000004,6,2030006,0.8693914318270407,1.3648975639666963,4.492187500000002e-05
M2p_HMM,0.30000000000000004,7,2030007,0.8738273732829838,1.3651001880351534,2.5e-05
M2p_HMM,0.30000000000000004,8,2030008,0.8754765129817174,1.3594053581774888,2.929687500000001e-05
M2p_HMM,0.30000000000000004,9,2030009,0.876426270930786,1.3616186524965015,6.679687500000002e-05
M2p_HMM,0.30000000000000004,10,2030010,0.8687676343869368,1.3703416076566457,1.9921875000000005e-05
M2p_HMM,0.30000000000000004,11,2030011,0.8756449986112624,1.3624361465613515,5.312500000000002e-05
M2p_HMM,0.30000000000000004,12,2030012,0.8830377719141311,1.354612771988118,8.554687499999998e-05
M2p_HMM,0.30000000000000004,13,2030013,0.8755414404221542,1.3656472554342134,2.5e-05
M2p_HMM,0.30000000000000004,14,2030014,0.8618666897176196,1.3543279137695117,3.28125e-05
M2p_HMM,0.30000000000000004,15,2030015,0.8842721516241887,1.3619960563350475,7.4218750000000025e-06
M2p_HMM,0.30000000000000004,16,2030016,0.871195856752317,1.3551486640924926,3.554687499999999e-05
M2p_HMM,0.30000000000000004,17,2030017,0.8693118434843337,1.3610440747180086,7.968749999999999e-05
M2p_HMM,0.30000000000000004,18,2030018,0.8759049309644524,1.3761079653016572,1.40625e-05
M2p_HMM,0.30000000000000004,19,2030019,0.8735696401623008,1.365807371651776,2.5e-05
M2p_HMM,0.4,0,2040000,0.8756324472126341,1.4561937057888852,1.9921875000000005e-05
M2p_HMM,0.4,1,2040001,0.8750696016981059,1.4793059241639868,6.875000000000002e-05
M2p_HMM,0.4,2,2040002,0.8784819061970125,1.4589536243305412,1.9921875000000005e-05
M2p_HMM,0.4,3,2040003,0.8697825812181661,1.4821361007029499,1.9921875000000005e-05
M2p_HMM,0.4,4,2040004,0.8648907445939605,1.4696663128127645,5.429687500000002e-05
M2p_HMM,0.4,5,2040005,0.8817482519417867,1.4894633195238292,5.3125000000000004e-05
M2p_HMM,0.4,6,2040006,0.8717251756556988,1.4722627442364584,2.9296875000000006e-05
M2p_HMM,0.4,7,2040007,0.8727872162907289,1.463605597521826,5.3125000000000004e-05
M2p_HMM,0.4,8,2040008,0.8675979585274519,1.4723233829138898,2.9296875000000016e-05
M2p_HMM,0.4,9,2040009,0.8739444473499401,1.4844416883461606,5.4687500000000015e-05
M2p_HMM,0.4,10,2040010,0.8646789910521974,1.4653505788490797,8.554687500000002e-05
M2p_HMM,0.4,11,2040011,0.873562384012353,1.4724388477850843,8.437500000000003e-05
M2p_HMM,0.4,12,2040012,0.878277806195493,1.4605042565887607,4.8437500000000005e-05
M2p_HMM,0.4,13,2040013,0.8695765436073069,1.4781809407624407,1.9921875000000005e-05
M2p_HMM,0.4,14,2040014,0.8748181695799264,1.4549139712630397,3.2812500000000005e-05
M2p_HMM,0.4,15,2040015,0.87609606672327,1.4680058813574282,5.1171875000000016e-05
M2p_HMM,0.4,16,2040016,0.8762434952896798,1.477792204753617,5.429687500000002e-05
M2p_HMM,0.4,17,2040017,0.871377756188799,1.4822558359370501,6.406250000000002e-05
M2p_HMM,0.4,18,2040018,0.8743644517040532,1.4701660080119825,1.9921875000000005e-05
M2p_HMM,0.4,19,2040019,0.8756041455521937,1.4743578531893509,3.75e-05
M2p_HMM,0.5,0,2050000,0.880561842915263,1.5655323462444013,1.9921875000000005e-05
M2p_HMM,0.5,1,2050001,0.8760989716580649,1.576336853515136,3.5546875e-05
M2p_HMM,0.5,2,2050002,0.8720248691303556,1.5911667334655724,6.679687499999999e-05
M2p_HMM,0.5,3,2050003,0.8706533066417139,1.5741395589601745,0.000146875
M2p_HMM,0.5,4,2050004,0.8803908023088942,1.5588954745120556,7.031250000000002e-05
M2p_HMM,0.5,5,2050005,0.8759917945698004,1.5827958235732218,5.312500000000002e-05
M2p_HMM,0.5,6,2050006,0.8741673612634221,1.5826852982098003,8.437500000000003e-05
M2p_HMM,0.5,7,2050007,0.8790274671306662,1.5793287774126983,8.242187500000002e-05
M2p_HMM,0.5,8,2050008,0.8747176150198064,1.5768639553010835,4.843750000000001e-05
M2p_HMM,0.5,9,2050009,0.8692743888756136,1.5876222733987035,5.1171875e-05
M2p_HMM,0.5,10,2050010,0.8709855655622273,1.5854556203817247,0.000101171875
M2p_HMM,0.5,11,2050011,0.8669904182426117,1.5643234447135783,1.9921875000000005e-05
M2p_HMM,0.5,12,2050012,0.8686005361770656,1.5754516837085168,3.28125e-05
M2p_HMM,0.5,13,2050013,0.864929196018355,1.5661520992733537,6.406250000000002e-05
M2p_HMM,0.5,14,2050014,0.8762049846695489,1.564244136474369,1.9921875000000005e-05
M2p_HMM,0.5,15,2050015,0.8776765559466501,1.5567035285196584,1.40625e-05
M2p_HMM,0.5,16,2050016,0.8730899631757681,1.5837690984878445,5.429687500000002e-05
M2p_HMM,0.5,17,2050017,0.8782994385999734,1.5556035662721435,5.312500000000002e-05
M2p_HMM,0.5,18,2050018,0.8690992450911847,1.5628232316779214,3.28125e-05
M2p_HMM,0.5,19,2050019,0.8835213594370588,1.5829447869630866,3.8671875e-05
M2p_HMM,0.6000000000000001,0,2060000,0.8736755265507027,1.683321962711597,0.00010000000000000002
M2p_HMM,0.6000000000000001,1,2060001,0.8729334467038434,1.6991592498742822,0.000144921875
M2p_HMM,0.6000000000000001,2,2060002,0.8758424939338274,1.6887578349777126,5.3125000000000004e-05
M2p_HMM,0.6000000000000001,3,2060003,0.8723557637718065,1.6656453931743027,0.00010000000000000002
M2p_HMM,0.6000000000000001,4,2060004,0.8782652453634002,1.6897194050714455,0.00011679687500000001
M2p_HMM,0.6000000000000001,5,2060005,0.8757330018205897,1.683553797395557,0.00010000000000000002
M2p_HMM,0.6000000000000001,6,2060006,0.8650055772950924,1.7153533437838855,5.1171875000000016e-05
M2p_HMM,0.6000000000000001,7,2060007,0.868969220199423,1.6812491675702192,5.312500000000002e-05
M2p_HMM,0.6000000000000001,8,2060008,0.8902096394559876,1.7008278563320276,7.031250000000002e-05
M2p_HMM,0.6000000000000001,9,2060009,0.8750253884653133,1.696129552261724,2.5e-05
M2p_HMM,0.6000000000000001,10,2060010,0.8733148140687744,1.7052079502610038,3.7500000000000003e-05
M2p_HMM,0.6000000000000001,11,2060011,0.875625696566674,1.6973065861264822,2.9296875000000006e-05
M2p_HMM,0.6000000000000001,12,2060012,0.885601827600366,1.6845551224775277,0.000116796875
M2p_HMM,0.6000000000000001,13,2060013,0.8809245609424459,1.7102819825981914,0.00018593749999999996
M2p_HMM,0.6000000000000001,14,2060014,0.8712656021827934,1.68639320180592,8.593750000000002e-05
M2p_HMM,0.6000000000000001,15,2060015,0.8808087101268972,1.715615334931286,8.554687500000002e-05
M2p_HMM,0.6000000000000001,16,2060016,0.864420442014285,1.6928113588249187,5.4296875000000004e-05
M2p_HMM,0.6000000000000001,17,2060017,0.8704223516184645,1.6915140156290296,0.0001
M2p_HMM,0.6000000000000001,18,2060018,0.8796256181007542,1.7090536607461222,6.875e-05
M2p_HMM,0.6000000000000001,19,2060019,0.8804412963162046,1.6853579765216051,5.429687500000002e-05
M2p_HMM,0.7000000000000001,0,2070000,0.8687215891818549,1.8077363595484084,0.00011367187500000002
M2p_HMM,0.7000000000000001,1,2070001,0.8679206279108309,1.7897311797539133,8.750000000000001e-05
M2p_HMM,0.7000000000000001,2,2070002,0.8747824029958824,1.789286403893944,0.000101171875
M2p_HMM,0.7000000000000001,3,2070003,0.8755301331140181,1.7980753007390367,5.468750000000001e-05
M2p_HMM,0.7000000000000001,4,2070004,0.877350544224965,1.7989110608118208,0.0001265625
M2p_HMM,0.7000000000000001,5,2070005,0.8707734299790486,1.804680007217346,0.00017929687500000004
M2p_HMM,0.7000000000000001,6,2070006,0.8786021253827319,1.8092684387527094,0.00012929687500000002
M2p_HMM,0.7000000000000001,7,2070007,0.8736478895225968,1.8250535774019074,9.804687500000002e-05
M2p_HMM,0.7000000000000001,8,2070008,0.8711258039890617,1.8175465343958717,6.992187500000002e-05
M2p_HMM,0.7000000000000001,9,2070009,0.8705036704839939,1.80213726840868,0.00010156250000000001
M2p_HMM,0.7000000000000001,10,2070010,0.8681072261940175,1.7777676532975593,0.0001265625
M2p_HMM,0.7000000000000001,11,2070011,0.8841492582851455,1.8460641654683592,0.00011093750000000003
M2p_HMM,0.7000000000000001,12,2070012,0.8680835759172429,1.8034096596940417,0.00013437500000000003
M2p_HMM,0.7000000000000001,13,2070013,0.8721856919079369,1.829817048318781,8.593750000000002e-05
M2p_HMM,0.7000000000000001,14,2070014,0.8793049982795139,1.7856985716632798,6.875000000000003e-05
M2p_HMM,0.7000000000000001,15,2070015,0.8682302944460395,1.7945694623502317,6.875000000000003e-05
M2p_HMM,0.7000000000000001,16,2070016,0.8780947335271657,1.8260360405480927,5.4687500000000015e-05
M2p_HMM,0.7000000000000001,17,2070017,0.8785823121209055,1.8092509143250723,4.492187500000001e-05
M2p_HMM,0.7000000000000001,18,2070018,0.8837168509481659,1.7869604932522836,0.00011562500000000002
M2p_HMM,0.7000000000000001,19,2070019,0.8607329779584836,1.8218392490488835,3.2812500000000005e-05
M2p_HMM,0.8,0,2080000,0.8699005811216566,1.934301059222254,7.617187500000001e-05
M2p_HMM,0.8,1,2080001,0.8752247547450388,1.977131035096828,0.00019687500000000006
M2p_HMM,0.8,2,2080002,0.8679006460934813,1.8987446667941341,0.00011562499999999999
M2p_HMM,0.8,3,2080003,0.8767203832289128,1.896161051687725,0.00013867187499999996
M2p_HMM,0.8,4,2080004,0.8765145687315351,1.9295785254931825,0.000132421875
M2p_HMM,0.8,5,2080005,0.8726341968348702,1.927108340559906,9.531249999999999e-05
M2p_HMM,0.8,6,2080006,0.8718113767036365,1.9581606226791282,5.312500000000002e-05
M2p_HMM,0.8,7,2080007,0.8813500251471749,1.8849790928990877,0.00015781250000000005
M2p_HMM,0.8,8,2080008,0.8692463162228465,1.9065019165964956,0.00010312500000000005
M2p_HMM,0.8,9,2080009,0.8762173194296906,1.9173835044664387,6.875000000000003e-05
M2p_HMM,0.8,10,2080010,0.8758495112610204,1.923247048311859,0.00011679687500000001
M2p_HMM,0.8,11,2080011,0.8659739923982059,1.9379148432285551,0.00013437499999999997
M2p_HMM,0.8,12,2080012,0.8753137279303596,1.9148251450034544,0.000132421875
M2p_HMM,0.8,13,2080013,0.8805964424048738,1.9436649572006999,6.992187500000002e-05
M2p_HMM,0.8,14,2080014,0.8744421857032121,1.905264961841849,0.00011367187500000002
M2p_HMM,0.8,15,2080015,0.8782338700866295,1.913135526856951,0.00011679687500000001
M2p_HMM,0.8,16,2080016,0.8704204257187507,1.8992076396911186,0.000132421875
M2p_HMM,0.8,17,2080017,0.8819045535439354,1.9428318588925233,6.406250000000002e-05
M2p_HMM,0.8,18,2080018,0.8657255210192237,1.913357171462999,0.00010000000000000002
M2p_HMM,0.8,19,2080019,0.8754148493612827,1.9430505016235995,0.000194921875
M2p_HMM,0.9,0,2090000,0.8792198832667033,2.032956116364173,0.00023867187499999995
M2p_HMM,0.9,1,2090001,0.8773357668157143,2.0475766502410844,0.00017617187500000003
M2p_HMM,0.9,2,2090002,0.8788170814202151,2.0277595550857765,0.00010742187500000001
M2p_HMM,0.9,3,2090003,0.8788528063472524,2.061209960649462,0.000132421875
M2p_HMM,0.9,4,2090004,0.8756919080247104,2.050861124490014,0.00011093749999999999
M2p_HMM,0.9,5,2090005,0.8767366189908324,2.0754546772661913,0.00011679687500000001
M2p_HMM,0.9,6,2090006,0.873296793892882,2.038668917108252,9.218750000000001e-05
M2p_HMM,0.9,7,2090007,0.8794464805034907,2.0219470413138367,0.000148046875
M2p_HMM,0.9,8,2090008,0.880319286188993,2.0618037582721103,0.00011093750000000003
M2p_HMM,0.9,9,2090009,0.880110285920646,2.0102516279228992,0.0001
M2p_HMM,0.9,10,2090010,0.8838970833966359,2.046609148250874,0.00010000000000000002
M2p_HMM,0.9,11,2090011,0.8801558718411542,2.0091373900867118,0.00010937500000000003
M2p_HMM,0.9,12,2090012,0.8860745646694946,2.0544549153512985,0.00015468749999999996
M2p_HMM,0.9,13,2090013,0.88222372122522,2.0732391603931033,9.179687500000001e-05
M2p_HMM,0.9,14,2090014,0.8702878885103531,2.028802337310803,0.0001
M2p_HMM,0.9,15,2090015,0.8783287542838123,2.012489543979049,0.00012343749999999998
M2p_HMM,0.9,16,2090016,0.8741988334207262,1.9914715512031274,9.1796875e-05
M2p_HMM,0.9,17,2090017,0.8746206225467819,2.0024274794123147,0.00017031249999999997
M2p_HMM,0.9,18,2090018,0.8759528917511401,2.025993247498893,5.117187500000002e-05
M2p_HMM,0.9,19,2090019,0.874311306430694,2.0628594236490034,0.00011875000000000007
M4_CTRW,0.1,0,3010000,0.993531671472377,1.136464820733897,5.277777777777777e-07
M4_CTRW,0.1,1,3010001,0.9990865465384626,1.1917137776627535,2.111111111111111e-06
M4_CTRW,0.1,2,3010002,0.9984316462812837,1.0470378557135278,1.0000000000000002e-06
M4_CTRW,0.1,3,3010003,0.9967946689354104,1.204694826103091,1.0000000000000002e-06
M4_CTRW,0.1,4,3010004,1.0026701271846417,1.1121354391949279,0.0
M4_CTRW,0.1,5,3010005,0.999749913295655,1.0683149527183,2.111111111111111e-06
M4_CTRW,0.1,6,3010006,1.0022388104238433,1.1068098627996792,5.277777777777777e-07
M4_CTRW,0.1,7,3010007,0.9997606811592571,1.1072435127852676,4.750000000000001e-06
M4_CTRW,0.1,8,3010008,1.0016737097481379,1.0501323698402618,5.277777777777777e-07
M4_CTRW,0.1,9,3010009,1.0004678311558703,1.0193630629118828,5.277777777777777e-07
M4_CTRW,0.1,10,3010010,0.9956724199492591,1.0808156431201064,2.111111111111111e-06
M4_CTRW,0.1,11,3010011,1.000427581055478,1.0367371227072624,1.4166666666666665e-06
M4_CTRW,0.1,12,3010012,1.0012735230349494,1.1902501291615613,0.0
M4_CTRW,0.1,13,3010013,1.0019760209514517,1.0190493542037409,5.277777777777777e-07
M4_CTRW,0.1,14,3010014,0.9997204556975695,1.0208762821331883,5.277777777777777e-07
M4_CTRW,0.1,15,3010015,1.0027530819678256,1.084359046996063,0.0
M4_CTRW,0.1,16,3010016,1.0038000331170083,1.4157866092302418,5.277777777777777e-07
M4_CTRW,0.1,17,3010017,0.9978859693128134,1.073351859918337,1.0000000000000002e-06
M4_CTRW,0.1,18,3010018,0.996282138329796,1.2408635853151837,5.277777777777777e-07
M4_CTRW,0.1,19,3010019,0.999856949455609,1.2048189051724525,5.277777777777777e-07
M4_CTRW,0.2,0,3020000,1.0023576508314638,1.2773157649386386,2.111111111111111e-06
M4_CTRW,0.2,1,3020001,1.0001427666774916,1.1743564376725177,1.0000000000000002e-06
M4_CTRW,0.2,2,3020002,1.0034981413316846,1.8692630876857526,1.0000000000000002e-06
M4_CTRW,0.2,3,3020003,1.0016006759592502,2.111993926542673,0.0
M4_CTRW,0.2,4,3020004,0.999989361392522,1.3661114501771545,1.4166666666666665e-06
M4_CTRW,0.2,5,3020005,0.9984203194719816,1.1046500134860289,1.0000000000000002e-06
M4_CTRW,0.2,6,3020006,0.9979323951683972,1.6350888617597283,1.4166666666666665e-06
M4_CTRW,0.2,7,3020007,1.0019313786459116,1.9808723804928023,2.88888888888889e-06
M4_CTRW,0.2,8,3020008,0.9982911942744701,4.33238194346536,1.0000000000000002e-06
M4_CTRW,0.2,9,3020009,0.9974817199918313,1.155879907588509,1.0000000000000002e-06
M4_CTRW,0.2,10,3020010,1.0007907665085312,1.0387616691964086,2.527777777777778e-06
M4_CTRW,0.2,11,3020011,1.0049831711245756,1.3309709845789788,2.5277777777777778e-06
M4_CTRW,0.2,12,3020012,0.9997007987685232,1.3867451817375285,1.0000000000000002e-06
M4_CTRW,0.2,13,3020013,0.9949318600364181,1.0678166087360166,2.111111111111111e-06
M4_CTRW,0.2,14,3020014,1.0012558834749177,1.2790170227629054,6.527777777777778e-06
M4_CTRW,0.2,15,3020015,0.9998550759848008,1.2371549220863964,2.527777777777778e-06
M4_CTRW,0.2,16,3020016,0.9997922896544944,1.287937605526075,0.0
M4_CTRW,0.2,17,3020017,0.9969232808542403,1.4156985971520284,5.277777777777777e-07
M4_CTRW,0.2,18,3020018,0.9986100033222429,1.2804697119891089,2.111111111111111e-06
M4_CTRW,0.2,19,3020019,1.0051340136812033,1.3549901640425044,8.444444444444444e-06
M4_CTRW,0.30000000000000004,0,3030000,0.9972446547696566,1.3430397021009766,1.4166666666666665e-06
M4_CTRW,0.30000000000000004,1,3030001,0.9985462768739686,1.4489534030783817,4.750000000000001e-06
M4_CTRW,0.30000000000000004,2,3030002,0.998011910569602,1.2983133705445506,3.1944444444444447e-06
M4_CTRW,0.30000000000000004,3,3030003,1.0028278951542482,1.2400489983099354,4.555555555555555e-06
M4_CTRW,0.30000000000000004,4,3030004,1.0040949484728057,1.707383747385507,2.88888888888889e-06
M4_CTRW,0.30000000000000004,5,3030005,0.9980946332491989,1.5941600961272178,1.0000000000000002e-06
M4_CTRW,0.30000000000000004,6,3030006,1.0036276310179217,1.4712079779736245,6.777777777777779e-06
M4_CTRW,0.30000000000000004,7,3030007,1.0007093980719128,1.3586269357866405,2.111111111111111e-06
M4_CTRW,0.30000000000000004,8,3030008,1.0048954748312058,4.665601210543818,8.444444444444444e-06
M4_CTRW,0.30000000000000004,9,3030009,0.9999459934916152,1.980199203901339,1.0000000000000002e-06
M4_CTRW,0.30000000000000004,10,3030010,0.9993746038290496,1.5111066102499584,2.527777777777778e-06
M4_CTRW,0.30000000000000004,11,3030011,1.001248672075158,1.3942975668898252,1.7777777777777786e-06
M4_CTRW,0.30000000000000004,12,3030012,0.9991303796486,1.2460959982099635,2.111111111111111e-06
M4_CTRW,0.30000000000000004,13,3030013,1.0016053796223712,1.8507527553445953,1.0000000000000002e-06
M4_CTRW,0.30000000000000004,14,3030014,0.9982061482446425,1.3098771089363852,5.277777777777777e-07
M4_CTRW,0.30000000000000004,15,3030015,1.000461288009094,2.0579341912286364,6.527777777777778e-06
M4_CTRW,0.30000000000000004,16,3030016,1.0036185110205762,1.291318021627482,5.277777777777777e-07
M4_CTRW,0.30000000000000004,17,3030017,1.0033855065457487,1.6161990529075476,4.305555555555555e-06
M4_CTRW,0.30000000000000004,18,3030018,1.001122570506113,1.2670059777277034,5.277777777777777e-07
M4_CTRW,0.30000000000000004,19,3030019,0.9940140135802309,1.2789583169310463,4.750000000000001e-06
M4_CTRW,0.4,0,3040000,0.9987047616340392,1.630702254684368,8.444444444444444e-06
M4_CTRW,0.4,1,3040001,0.9976689064242977,1.7735315350995073,3.1944444444444443e-06
M4_CTRW,0.4,2,3040002,1.0011725954029653,2.012565850353,1.0305555555555554e-05
M4_CTRW,0.4,3,3040003,1.0038591179700296,1.5026551863274171,1.7777777777777786e-06
M4_CTRW,0.4,4,3040004,0.9998360867429346,1.744030278887062,5.666666666666666e-06
M4_CTRW,0.4,5,3040005,1.000913387717508,1.9693124201611396,5.416666666666666e-06
M4_CTRW,0.4,6,3040006,0.9993767838231585,1.4639137920368472,1.0000000000000002e-06
M4_CTRW,0.4,7,3040007,1.0017962506466107,1.7018573683700198,2.527777777777778e-06
M4_CTRW,0.4,8,3040008,0.9967385593347643,1.4185617215137072,2.88888888888889e-06
M4_CTRW,0.4,9,3040009,1.0018418102208133,2.360193798749015,2.88888888888889e-06
M4_CTRW,0.4,10,3040010,0.9989700015914118,1.5935414523861848,2.111111111111111e-06
M4_CTRW,0.4,11,3040011,1.0007131422588347,1.9122876993235463,6.527777777777778e-06
M4_CTRW,0.4,12,3040012,0.9989528050144931,1.5927666013959043,2.111111111111111e-06
M4_CTRW,0.4,13,3040013,1.0002446850079938,1.5429352327824375,1.3444444444444447e-05
M4_CTRW,0.4,14,3040014,1.0015669452854339,2.216369630943574,5.111111111111113e-06
M4_CTRW,0.4,15,3040015,0.9985057599221132,1.919669895898953,0.0
M4_CTRW,0.4,16,3040016,1.0079969775697024,1.621632318671387,3.1944444444444447e-06
M4_CTRW,0.4,17,3040017,0.995873790502295,1.322918035353544,5.277777777777777e-07
M4_CTRW,0.4,18,3040018,1.0000425896518497,1.4069981068140898,1.0000000000000002e-06
M4_CTRW,0.4,19,3040019,0.9970009377829963,1.4276595567192039,1.0444444444444449e-05
M4_CTRW,0.5,0,3050000,0.995639930037465,1.6176439178190847,8.750000000000001e-06
M4_CTRW,0.5,1,3050001,0.9991709251903957,1.6139122793570677,1.7777777777777786e-06
M4_CTRW,0.5,2,3050002,0.9965206445473986,1.8216509616744412,5.277777777777777e-07
M4_CTRW,0.5,3,3050003,1.0024320002145248,1.8168877732520388,9.333333333333336e-06
M4_CTRW,0.5,4,3050004,0.9988856744529555,1.639995554690351,2.527777777777778e-06
M4_CTRW,0.5,5,3050005,0.9986306692137296,1.6228671048447603,0.0
M4_CTRW,0.5,6,3050006,0.9978899974891531,1.760121769097888,1.4888888888888892e-05
M4_CTRW,0.5,7,3050007,1.002505804074409,1.8817310220843704,1.3444444444444447e-05
M4_CTRW,0.5,8,3050008,0.9993790546427475,1.715898716686402,3.1944444444444443e-06
M4_CTRW,0.5,9,3050009,1.0022436915251258,2.5591982844825405,2.527777777777778e-06
M4_CTRW,0.5,10,3050010,0.9974110120809325,1.6467466177918568,3.444444444444444e-06
M4_CTRW,0.5,11,3050011,0.9993242738879352,1.9429161773873784,5.666666666666667e-06
M4_CTRW,0.5,12,3050012,1.0039093034147837,1.6239853860915405,4.000000000000001e-06
M4_CTRW,0.5,13,3050013,0.9968823809913996,1.8295100338416566,2.88888888888889e-06
M4_CTRW,0.5,14,3050014,1.000922827241114,2.133856291581909,5.277777777777777e-07
M4_CTRW,0.5,15,3050015,0.9977162425132615,1.8841418155616392,1.4166666666666665e-06
M4_CTRW,0.5,16,3050016,1.0007401617482972,1.5271232849778644,1.4166666666666665e-06
M4_CTRW,0.5,17,3050017,1.0045649552173663,1.8949610987123426,5.111111111111113e-06
M4_CTRW,0.5,18,3050018,0.9996861159779529,3.6813146893278215,8.750000000000001e-06
M4_CTRW,0.5,19,3050019,0.9999431163750275,1.898667147573382,1.2749999999999995e-05
M4_CTRW,0.6000000000000001,0,3060000,1.0013261338940231,2.372562019715916,1.0000000000000002e-06
M4_CTRW,0.6000000000000001,1,3060001,0.996018792556951,1.9533793345754897,9.000000000000002e-06
M4_CTRW,0.6000000000000001,2,3060002,1.0033442286507337,2.108329813182013,2.88888888888889e-06
M4_CTRW,0.6000000000000001,3,3060003,0.9999595513647818,2.7768960011227226,1.4166666666666665e-06
M4_CTRW,0.6000000000000001,4,3060004,0.9979474922995087,2.8235086977323713,8.444444444444444e-06
M4_CTRW,0.6000000000000001,5,3060005,0.9986843977363554,2.2376426269208194,2.527777777777778e-06
M4_CTRW,0.6000000000000001,6,3060006,0.9976781359512382,2.5150137741024943,1.0000000000000002e-06
M4_CTRW,0.6000000000000001,7,3060007,0.9974037433542847,2.0454885038840938,8.75e-06
M4_CTRW,0.6000000000000001,8,3060008,1.00324960861803,2.66213230686522,1.3444444444444447e-05
M4_CTRW,0.6000000000000001,9,3060009,1.0014782946174599,2.0489954432961897,6.777777777777779e-06
M4_CTRW,0.6000000000000001,10,3060010,0.9987701467274012,1.652925173038187,8.75e-06
M4_CTRW,0.6000000000000001,11,3060011,1.0020434082501977,6.960967029691616,5.111111111111113e-06
M4_CTRW,0.6000000000000001,12,3060012,0.999756690205327,2.262727957340939,4.555555555555555e-06
M4_CTRW,0.6000000000000001,13,3060013,0.9983020937588201,1.7521514627507435,3.444444444444444e-06
M4_CTRW,0.6000000000000001,14,3060014,0.9980931959021598,2.1462562509240772,5.277777777777777e-07
M4_CTRW,0.6000000000000001,15,3060015,1.0012442980587866,2.1158763744312794,1.4166666666666665e-06
M4_CTRW,0.6000000000000001,16,3060016,1.0005477752625649,6.5991808776808725,6.777777777777779e-06
M4_CTRW,0.6000000000000001,17,3060017,1.0003923606381049,2.5799744986554454,3.1944444444444447e-06
M4_CTRW,0.6000000000000001,18,3060018,1.0060540478135334,1.8693659238551292,3.444444444444444e-06
M4_CTRW,0.6000000000000001,19,3060019,0.9989647520050646,2.964044377747529,5.666666666666667e-06
M4_CTRW,0.7000000000000001,0,3070000,0.9997081109541657,2.798490516963693,1.3194444444444446e-05
M4_CTRW,0.7000000000000001,1,3070001,1.0009048535363845,2.699021284229202,2.0555555555555555e-05
M4_CTRW,0.7000000000000001,2,3070002,1.0022811169458128,2.8958402825882583,9.416666666666666e-06
M4_CTRW,0.7000000000000001,3,3070003,0.9975882992379594,3.108964722895519,3.6388888888888877e-06
M4_CTRW,0.7000000000000001,4,3070004,0.9983191897477832,1.994802724037133,2.5277777777777778e-06
M4_CTRW,0.7000000000000001,5,3070005,0.9958089089295622,2.815371856356879,9.194444444444444e-06
M4_CTRW,0.7000000000000001,6,3070006,1.0051191987555024,2.489431812491204,3.1944444444444447e-06
M4_CTRW,0.7000000000000001,7,3070007,1.0028028704193162,2.5649264862752363,2.88888888888889e-06
M4_CTRW,0.7000000000000001,8,3070008,1.0036398874296066,2.334871406671711,1.0305555555555554e-05
M4_CTRW,0.7000000000000001,9,3070009,0.9979379633932035,2.67603196584397,1.941666666666666e-05
M4_CTRW,0.7000000000000001,10,3070010,1.0014526833277841,3.259501788634458,7.194444444444445e-06
M4_CTRW,0.7000000000000001,11,3070011,1.002153916891111,2.584168446008304,6e-06
M4_CTRW,0.7000000000000001,12,3070012,0.9991570753353471,5.567860584370331,6.972222222222221e-06
M4_CTRW,0.7000000000000001,13,3070013,1.000941541285844,2.3946984223132692,1.3861111111111107e-05
M4_CTRW,0.7000000000000001,14,3070014,0.9987386390472306,3.630562631303546,1.6e-05
M4_CTRW,0.7000000000000001,15,3070015,0.9989305757877527,2.7407184112760063,1.0305555555555556e-05
M4_CTRW,0.7000000000000001,16,3070016,1.0068802042980132,2.789424420630088,7.222222222222225e-06
M4_CTRW,0.7000000000000001,17,3070017,0.9998078101665216,2.4032167022359454,1.4166666666666665e-06
M4_CTRW,0.7000000000000001,18,3070018,1.0001777787319557,2.6802927413177455,6.972222222222221e-06
M4_CTRW,0.7000000000000001,19,3070019,1.0028186188359836,2.3481566822108437,1.4999999999999995e-05
M4_CTRW,0.8,0,3080000,1.0039084517157664,3.965418005178496,2.055555555555555e-05
M4_CTRW,0.8,1,3080001,0.9978041342401484,3.052570439055303,1.163888888888889e-05
M4_CTRW,0.8,2,3080002,0.9988036514688301,2.66726793476699,1.0111111111111113e-05
M4_CTRW,0.8,3,3080003,1.001409435488811,3.0994410593363355,1.5861111111111105e-05
M4_CTRW,0.8,4,3080004,0.9971817174623747,2.563408782341934,9.333333333333336e-06
M4_CTRW,0.8,5,3080005,1.0021393010465167,6.719056050440948,9.194444444444445e-06
M4_CTRW,0.8,6,3080006,1.0004288005683413,3.046084103539621,1.4972222222222218e-05
M4_CTRW,0.8,7,3080007,1.005702793851797,2.6818375081629324,1.0527777777777777e-05
M4_CTRW,0.8,8,3080008,0.9999498771811032,2.8869959111263324,1.052777777777778e-05
M4_CTRW,0.8,9,3080009,0.9976396505231047,3.2489278452212114,1.6083333333333332e-05
M4_CTRW,0.8,10,3080010,0.9979992371977291,2.832382185976904,1.386111111111111e-05
M4_CTRW,0.8,11,3080011,0.9958404698228932,2.7309281792298603,7.111111111111114e-06
M4_CTRW,0.8,12,3080012,0.9989958039907803,3.50237372229263,1.6e-05
M4_CTRW,0.8,13,3080013,1.001545354866889,3.753920077329681,1.2777777777777777e-05
M4_CTRW,0.8,14,3080014,1.0011082559698017,2.5055856249287567,1.4972222222222215e-05
M4_CTRW,0.8,15,3080015,1.0040726288594608,2.3113438776466007,4.888888888888889e-06
M4_CTRW,0.8,16,3080016,0.9998482048919687,3.0224884536008982,2.527777777777778e-06
M4_CTRW,0.8,17,3080017,0.998730904199367,6.718801300320216,1.0444444444444449e-05
M4_CTRW,0.8,18,3080018,1.0049800757146687,6.984052185707681,4.305555555555555e-06
M4_CTRW,0.8,19,3080019,0.9964830517842265,5.203464200987197,2.497222222222222e-05
M4_CTRW,0.9,0,3090000,0.9990297829082443,3.1658117013104627,1.9416666666666656e-05
M4_CTRW,0.9,1,3090001,0.9983525442722166,3.4657385245817895,7.111111111111114e-06
M4_CTRW,0.9,2,3090002,1.0013602834892574,3.3158984773086995,2.275e-05
M4_CTRW,0.9,3,3090003,1.001954582514415,3.860453195486136,1.933333333333333e-05
M4_CTRW,0.9,4,3090004,1.0055731188682575,5.313498477882737,2.5861111111111104e-05
M4_CTRW,0.9,5,3090005,1.0039766494328244,3.8105137702148553,1.163888888888889e-05
M4_CTRW,0.9,6,3090006,0.9986773532981916,5.033853699893597,9.333333333333336e-06
M4_CTRW,0.9,7,3090007,0.9984486402492876,2.7502839884216987,4.555555555555555e-06
M4_CTRW,0.9,8,3090008,0.998881988204545,3.2416762409659405,2.3444444444444444e-05
M4_CTRW,0.9,9,3090009,1.0068922038904955,4.527027100322553,1.0305555555555554e-05
M4_CTRW,0.9,10,3090010,1.0027323645207868,3.561056131710618,1.052777777777778e-05
M4_CTRW,0.9,11,3090011,0.9970835180415186,3.6990735296638437,2.88888888888889e-06
M4_CTRW,0.9,12,3090012,0.9987098352129969,6.9738164455416936,4.305555555555555e-06
M4_CTRW,0.9,13,3090013,0.9956825455177007,4.416834223909151,7.194444444444445e-06
M4_CTRW,0.9,14,3090014,0.9992900415342548,4.630786322519122,2.0305555555555552e-05
M4_CTRW,0.9,15,3090015,1.0054151920800627,4.5790841171951095,1.0527777777777778e-05
M4_CTRW,0.9,16,3090016,0.9979488776196683,3.6412832449282186,1.4888888888888892e-05
M4_CTRW,0.9,17,3090017,1.0006184510049747,3.1400581680996194,2.3638888888888886e-05
M4_CTRW,0.9,18,3090018,1.001780463541552,3.0193626269237788,3.0305555555555548e-05
M4_CTRW,0.9,19,3090019,1.0005661429238706,5.013768551101756,7.111111111111114e-06
M5_AR1,0.1,0,4010000,0.9835098524639736,0.7959341901338326,0.013167194444444443
M5_AR1,0.1,1,4010001,1.0188033486849761,0.7942004342884735,0.011089
M5_AR1,0.1,2,4010002,1.0001859791057672,0.7969392540463796,0.011397111111111111
M5_AR1,0.1,3,4010003,1.0106402875618863,0.7930336717794523,0.009057194444444444
M5_AR1,0.1,4,4010004,1.0121121682560563,0.7990752375089596,0.009618749999999999
M5_AR1,0.1,5,4010005,0.9971396812227082,0.7982331209565287,0.010337194444444444
M5_AR1,0.1,6,4010006,1.023558095540732,0.7998981881714696,0.011089
M5_AR1,0.1,7,4010007,0.9987730495334962,0.7940038871441373,0.01170275
M5_AR1,0.1,8,4010008,1.0164444956312764,0.7984833372538214,0.010344444444444444
M5_AR1,0.1,9,4010009,0.9885098336578362,0.7978160540274931,0.011089
M5_AR1,0.1,10,4010010,1.0068133912550654,0.7946883664682654,0.010943999999999999
M5_AR1,0.1,11,4010011,1.0076628483565069,0.7963442670955821,0.011867194444444444
M5_AR1,0.1,12,4010012,0.9875384641682577,0.7960002016582659,0.01418652777777778
M5_AR1,0.1,13,4010013,0.9914629148421272,0.797488516351176,0.008500527777777777
M5_AR1,0.1,14,4010014,1.0102881513082935,0.7970702447137266,0.011096527777777778
M5_AR1,0.1,15,4010015,0.9875731628734145,0.7978771212160429,0.009905861111111112
M5_AR1,0.1,16,4010016,1.0071449913161459,0.7991447492413375,0.011096527777777778
M5_AR1,0.1,17,4010017,0.9960965573045008,0.7983836696225695,0.009057194444444444
M5_AR1,0.1,18,4010018,0.9874442632170195,0.7972692408264601,0.012516777777777776
M5_AR1,0.1,19,4010019,1.0175260872615552,0.7968913394434652,0.011697111111111111
M5_AR1,0.2,0,4020000,0.9981312562234993,0.8247474019310397,0.010160972222222222
M5_AR1,0.2,1,4020001,0.9996148030675032,0.8249397948165674,0.008372527777777777
M5_AR1,0.2,2,4020002,1.0045510353715437,0.8240782256800624,0.010051000000000001
M5_AR1,0.2,3,4020003,0.9801566568480234,0.8248105592534567,0.008240111111111111
M5_AR1,0.2,4,4020004,0.9555830545889455,0.822376991263739,0.008227194444444443
M5_AR1,0.2,5,4020005,0.9909102883860585,0.8265465680190076,0.009605861111111114
M5_AR1,0.2,6,4020006,1.000474879126453,0.8238825637188835,0.010479194444444444
M5_AR1,0.2,7,4020007,0.9919639372762925,0.8250622081273632,0.01122275
M5_AR1,0.2,8,4020008,0.9850787077924126,0.8269801207380987,0.011096527777777778
M5_AR1,0.2,9,4020009,1.0233263339080114,0.8240157863536353,0.012835861111111114
M5_AR1,0.2,10,4020010,0.9992955017232585,0.8244533194111114,0.010337194444444444
M5_AR1,0.2,11,4020011,0.978582983598248,0.8257116827706873,0.011404749999999998
M5_AR1,0.2,12,4020012,0.9783349154685712,0.8206477045602455,0.011552750000000002
M5_AR1,0.2,13,4020013,1.0424357245143239,0.8249870633700872,0.009898777777777775
M5_AR1,0.2,14,4020014,0.997686036921766,0.8228455543198857,0.012493638888888887
M5_AR1,0.2,15,4020015,0.9985173473458756,0.8225867624512322,0.012508749999999999
M5_AR1,0.2,16,4020016,1.0601378999321218,0.8223763216435648,0.011380527777777778
M5_AR1,0.2,17,4020017,0.9898637586865456,0.8216573446151381,0.009735444444444442
M5_AR1,0.2,18,4020018,0.9773224610368954,0.8250479870649949,0.009604750000000002
M5_AR1,0.2,19,4020019,1.01053078698154,0.8242608260205017,0.011072750000000001
M5_AR1,0.30000000000000004,0,4030000,1.0150954681931332,0.8591140373524345,0.010169861111111112
M5_AR1,0.30000000000000004,1,4030001,0.9925873091884656,0.8520569470170405,0.00809386111111111
M5_AR1,0.30000000000000004,2,4030002,0.9706588869902473,0.8558177718182767,0.009171111111111113
M5_AR1,0.30000000000000004,3,4030003,1.0073157447816972,0.8556384550030462,0.011220444444444446
M5_AR1,0.30000000000000004,4,4030004,1.0101573359642573,0.8598259935963789,0.007205111111111112
M5_AR1,0.30000000000000004,5,4030005,0.9663090646637369,0.8585465462792334,0.008623444444444447
M5_AR1,0.30000000000000004,6,4030006,0.991962654952702,0.855417455627368,0.011532527777777777
M5_AR1,0.30000000000000004,7,4030007,0.999040799772933,0.8565563018552839,0.009033194444444443
M5_AR1,0.30000000000000004,8,4030008,1.019020206284709,0.8572424074204448,0.011382777777777776
M5_AR1,0.30000000000000004,9,4030009,1.0250807230754566,0.855915357076855,0.009739999999999999
M5_AR1,0.30000000000000004,10,4030010,0.9639384634020887,0.8559503723931664,0.010917194444444445
M5_AR1,0.30000000000000004,11,4030011,1.02606581310401,0.8533929789821334,0.007579
M5_AR1,0.30000000000000004,12,4030012,1.014457455243102,0.853826552480069,0.011377111111111112
M5_AR1,0.30000000000000004,13,4030013,1.0238006650600076,0.8602274287373077,0.00875875
M5_AR1,0.30000000000000004,14,4030014,0.987256949427064,0.8529161455852503,0.012650000000000003
M5_AR1,0.30000000000000004,15,4030015,0.9813084065788149,0.8513097687962942,0.008766
M5_AR1,0.30000000000000004,16,4030016,0.9971367135256319,0.8548994178685584,0.010459194444444441
M5_AR1,0.30000000000000004,17,4030017,1.0363652160826504,0.8530258113797027,0.01153011111111111
M5_AR1,0.30000000000000004,18,4030018,0.9977690371917066,0.8565657712610282,0.008760111111111111
M5_AR1,0.30000000000000004,19,4030019,0.9924916533110087,0.8484311276703607,0.010466777777777776
M5_AR1,0.4,0,4040000,0.9886226782707319,0.8852604880146859,0.00771275
M5_AR1,0.4,1,4040001,0.9912959753218354,0.8928360660098807,0.009452527777777778
M5_AR1,0.4,2,4040002,0.9715258611756429,0.8913552107886059,0.010169194444444443
M5_AR1,0.4,3,4040003,0.9933364413854145,0.8910917633734473,0.009019416666666665
M5_AR1,0.4,4,4040004,1.0076058662732779,0.8907609146297338,0.009002527777777778
M5_AR1,0.4,5,4040005,1.0146983701851124,0.8931579734403092,0.010161555555555554
M5_AR1,0.4,6,4040006,1.0083694568314059,0.8925099428286499,0.010185999999999999
M5_AR1,0.4,7,4040007,0.9827961708054602,0.890422647600565,0.011537777777777779
M5_AR1,0.4,8,4040008,0.9956701185034323,0.8910881920438628,0.008632750000000002
M5_AR1,0.4,9,4040009,1.0284035284423476,0.8893656515697016,0.009739
M5_AR1,0.4,10,4040010,0.9939341054912171,0.8882645757475641,0.010463861111111111
M5_AR1,0.4,11,4040011,1.0243963358591146,0.8844692886878549,0.009459194444444444
M5_AR1,0.4,12,4040012,0.9995563229990769,0.890696449185692,0.01032275
M5_AR1,0.4,13,4040013,1.007699054235417,0.8896409494172354,0.009314750000000002
M5_AR1,0.4,14,4040014,0.9848230904237766,0.8895487662494957,0.010917194444444445
M5_AR1,0.4,15,4040015,0.9940038747307658,0.8951495985454052,0.011358083333333333
M5_AR1,0.4,16,4040016,0.9735531691380519,0.8872587352379238,0.011061638888888888
M5_AR1,0.4,17,4040017,1.0088562296368677,0.8932199669958123,0.009720666666666666
M5_AR1,0.4,18,4040018,1.039946124850358,0.8934881656071334,0.01216052777777778
M5_AR1,0.4,19,4040019,1.0162626870814562,0.892041811683735,0.009882777777777777
M5_AR1,0.5,0,4050000,1.0175733466924979,0.9348547304474638,0.012024749999999997
M5_AR1,0.5,1,4050001,0.9741283284436805,0.9358000404530874,0.009199444444444444
M5_AR1,0.5,2,4050002,1.028663944653975,0.9334637926861438,0.008764555555555557
M5_AR1,0.5,3,4050003,0.9963511833390872,0.9295130913548233,0.009303222222222223
M5_AR1,0.5,4,4050004,1.0106247138896733,0.933897180546124,0.009444749999999998
M5_AR1,0.5,5,4050005,0.986666948437313,0.932578293009225,0.008630305555555558
M5_AR1,0.5,6,4050006,1.0037531300066085,0.9306798163020407,0.007216111111111112
M5_AR1,0.5,7,4050007,1.0401366715789635,0.9357233536040447,0.00891586111111111
M5_AR1,0.5,8,4050008,1.0030931717742928,0.9327215076237922,0.010210305555555554
M5_AR1,0.5,9,4050009,1.0072600663929467,0.9328668927258594,0.009744888888888888
M5_AR1,0.5,10,4050010,1.0110809007609454,0.9273853131293379,0.008096222222222223
M5_AR1,0.5,11,4050011,1.0167413090975617,0.932537362279925,0.007856972222222222
M5_AR1,0.5,12,4050012,1.0026322911201822,0.9326184601175338,0.00814
M5_AR1,0.5,13,4050013,0.9818708659914825,0.9354866247253352,0.00919677777777778
M5_AR1,0.5,14,4050014,0.9862872686942611,0.9332987747768663,0.011366527777777777
M5_AR1,0.5,15,4050015,1.0336396632510696,0.9338191422668524,0.01075288888888889
M5_AR1,0.5,16,4050016,1.0333905810806914,0.9300620232909201,0.010907777777777777
M5_AR1,0.5,17,4050017,1.0100274857190426,0.9337117234564423,0.008780111111111112
M5_AR1,0.5,18,4050018,0.9813659798739213,0.9369731095863957,0.009170444444444445
M5_AR1,0.5,19,4050019,1.0045325202331483,0.9328229525821071,0.008978305555555555
M5_AR1,0.6000000000000001,0,4060000,1.0240646537246128,0.9861000220667273,0.008153888888888888
M5_AR1,0.6000000000000001,1,4060001,1.025314110329103,0.9883932716322991,0.009215444444444443
M5_AR1,0.6000000000000001,2,4060002,0.9658458380278921,0.9807391065028457,0.008222749999999997
M5_AR1,0.6000000000000001,3,4060003,1.0147954188928097,0.9860337998466381,0.007812750000000002
M5_AR1,0.6000000000000001,4,4060004,0.9855859287555875,0.9852290424302361,0.00961
M5_AR1,0.6000000000000001,5,4060005,1.0277828913668468,0.9848588004379104,0.00785586111111111
M5_AR1,0.6000000000000001,6,4060006,0.9779860764420294,0.9843100638965346,0.008512222222222223
M5_AR1,0.6000000000000001,7,4060007,1.0054334947295822,0.9920861918200455,0.009854
M5_AR1,0.6000000000000001,8,4060008,1.0259319867847698,0.9853433175578956,0.008273222222222223
M5_AR1,0.6000000000000001,9,4060009,1.0191872905688077,0.9844136731841956,0.010237194444444443
M5_AR1,0.6000000000000001,10,4060010,1.0602933032353499,0.9879705416013171,0.009911555555555555
M5_AR1,0.6000000000000001,11,4060011,0.9931592705879262,0.9833084947217734,0.008912527777777778
M5_AR1,0.6000000000000001,12,4060012,0.9593575004483863,0.9853551843634863,0.008691777777777776
M5_AR1,0.6000000000000001,13,4060013,1.0193746171476512,0.9906351311032735,0.009500305555555555
M5_AR1,0.6000000000000001,14,4060014,1.0374397435446263,0.987567545485371,0.010735666666666668
M5_AR1,0.6000000000000001,15,4060015,0.9579001785597995,0.9901447378237185,0.009471638888888889
M5_AR1,0.6000000000000001,16,4060016,1.0359928121046313,0.9895419370840227,0.008990305555555557
M5_AR1,0.6000000000000001,17,4060017,0.9631533596796871,0.9862239091403129,0.010096083333333335
M5_AR1,0.6000000000000001,18,4060018,1.0061245710034172,0.9872239592554469,0.009066972222222223
M5_AR1,0.6000000000000001,19,4060019,1.0088164385618064,0.9874915215798058,0.009214
M5_AR1,0.7000000000000001,0,4070000,0.9960601358659116,1.0584572688965768,0.009634750000000001
M5_AR1,0.7000000000000001,1,4070001,1.0260867717156148,1.0558778157949904,0.006601777777777778
M5_AR1,0.7000000000000001,2,4070002,1.0299358012440658,1.0566009662611517,0.007429
M5_AR1,0.7000000000000001,3,4070003,1.0225809884842914,1.0582943814119021,0.0060709722222222215
M5_AR1,0.7000000000000001,4,4070004,1.0313478263718359,1.0579173248680636,0.007332750000000001
M5_AR1,0.7000000000000001,5,4070005,1.0083317731317836,1.0559819843160203,0.008250305555555556
M5_AR1,0.7000000000000001,6,4070006,0.9704511601468071,1.0521269853549047,0.00900711111111111
M5_AR1,0.7000000000000001,7,4070007,1.009074336536047,1.055369756239016,0.00784386111111111
M5_AR1,0.7000000000000001,8,4070008,1.0107084032590106,1.0477761584918794,0.010755999999999998
M5_AR1,0.7000000000000001,9,4070009,0.9833521084608539,1.0589112955181847,0.00823363888888889
M5_AR1,0.7000000000000001,10,4070010,1.0200386758968119,1.0605249828721621,0.009802527777777778
M5_AR1,0.7000000000000001,11,4070011,1.043944289534683,1.0581494975096857,0.007069999999999998
M5_AR1,0.7000000000000001,12,4070012,0.988078547069417,1.0552068929797607,0.009799416666666666
M5_AR1,0.7000000000000001,13,4070013,0.982235476702255,1.0575188657986203,0.009430527777777777
M5_AR1,0.7000000000000001,14,4070014,0.9694930310969564,1.0538343019203729,0.008879416666666667
M5_AR1,0.7000000000000001,15,4070015,0.9850183472429541,1.0600551550556228,0.006341777777777777
M5_AR1,0.7000000000000001,16,4070016,0.9868152690331735,1.0541631941971792,0.00798275
M5_AR1,0.7000000000000001,17,4070017,1.049114676975006,1.0589776701706226,0.008300527777777776
M5_AR1,0.7000000000000001,18,4070018,1.0123457160753144,1.0522088188035683,0.008599444444444446
M5_AR1,0.7000000000000001,19,4070019,0.9635704972269687,1.057136189549861,0.007332527777777778
M5_AR1,0.8,0,4080000,0.9914177847586705,1.1547276608586112,0.01005888888888889
M5_AR1,0.8,1,4080001,1.022877643270247,1.1533611346668484,0.006874749999999999
M5_AR1,0.8,2,4080002,0.9821765304621358,1.1539086914725967,0.00845475
M5_AR1,0.8,3,4080003,1.0168351830774134,1.1500890333674172,0.007943638888888889
M5_AR1,0.8,4,4080004,1.0219278513978927,1.159097954114319,0.008598333333333333
M5_AR1,0.8,5,4080005,1.008789070181107,1.1515978754443756,0.008660972222222223
M5_AR1,0.8,6,4080006,0.9804618138978598,1.1576696699870823,0.006124444444444444
M5_AR1,0.8,7,4080007,0.96408782625624,1.1552743913581742,0.007442750000000001
M5_AR1,0.8,8,4080008,1.0425908896320408,1.1549708352473667,0.008880527777777777
M5_AR1,0.8,9,4080009,0.9854554143105062,1.1477900231104992,0.006960527777777776
M5_AR1,0.8,10,4080010,0.9890725488099814,1.1477530721474893,0.006114305555555555
M5_AR1,0.8,11,4080011,0.9776000210721805,1.155081597446691,0.005928888888888889
M5_AR1,0.8,12,4080012,1.0204853087799868,1.1511459667270696,0.00815288888888889
M5_AR1,0.8,13,4080013,1.0361912003473632,1.149875119028149,0.00868677777777778
M5_AR1,0.8,14,4080014,0.9682925434976879,1.152039304270475,0.008721638888888888
M5_AR1,0.8,15,4080015,1.0113964221806473,1.1514864868021684,0.007832333333333334
M5_AR1,0.8,16,4080016,0.9799049640951558,1.151093992367261,0.006518305555555557
M5_AR1,0.8,17,4080017,1.0608535983057323,1.1512265719657448,0.006800111111111111
M5_AR1,0.8,18,4080018,0.9759023911673083,1.151410652095941,0.007024888888888888
M5_AR1,0.8,19,4080019,1.0500748770049069,1.1487398076570692,0.008151416666666668
M5_AR1,0.9,0,4090000,0.9754207002993122,1.3051437066009246,0.006763444444444445
M5_AR1,0.9,1,4090001,0.988759415631722,1.3008488281118602,0.006130111111111111
M5_AR1,0.9,2,4090002,1.1040169580375194,1.3002272099014078,0.007475444444444446
M5_AR1,0.9,3,4090003,0.9536641732985015,1.3056346130920398,0.005584555555555556
M5_AR1,0.9,4,4090004,1.0084258861016142,1.3014141007719255,0.006275416666666667
M5_AR1,0.9,5,4090005,0.9920571652483545,1.305542930471457,0.007141638888888889
M5_AR1,0.9,6,4090006,1.0334721075609337,1.3033832274507755,0.0050115555555555556
M5_AR1,0.9,7,4090007,1.024212908378919,1.301874612223466,0.007691416666666668
M5_AR1,0.9,8,4090008,0.9695878848728471,1.3134690798949171,0.0062345555555555566
M5_AR1,0.9,9,4090009,1.0258194693400977,1.2980985592165184,0.0063565555555555545
M5_AR1,0.9,10,4090010,1.024879016914138,1.2995788388243323,0.006343222222222222
M5_AR1,0.9,11,4090011,0.978597552277277,1.3077303022626645,0.006288083333333333
M5_AR1,0.9,12,4090012,0.9867894837730186,1.3143862312608117,0.006281555555555556
M5_AR1,0.9,13,4090013,0.9591847801347112,1.3087544655495928,0.00748586111111111
M5_AR1,0.9,14,4090014,1.052452629236598,1.3011135760416919,0.006552666666666665
M5_AR1,0.9,15,4090015,1.0147132358074176,1.2966379777624901,0.005684972222222222
M5_AR1,0.9,16,4090016,1.0026975107994205,1.3041943600552797,0.005869194444444444
M5_AR1,0.9,17,4090017,1.0212374529651442,1.3034770348418112,0.00654211111111111
M5_AR1,0.9,18,4090018,1.0071123408086322,1.3138448047284734,0.010142666666666666
M5_AR1,0.9,19,4090019,1.0186029127461576,1.3073316607135317,0.008473861111111113
